ORDER_ID,SKU_ID
o10003793,P10491
o10003793,KT13427
o10003793,KT12401
o10003793,KT12638
o10004908,998
o10004945,81203
o10004945,81199
o100049963,P20015
o100049963,1418046
o100049963,1418043
o100050382,FA5601
o100050382,1281777
o100050382,1279949
o100050382,FA5476
o10006859,29105
o10006859,26893
o10006859,26872
o10006859,29103
o10006859,26870
o10006859,29091 03
o10006859,26871
o10006859,26907
o10006859,26908
o10006859,26911
o100072319,42032
o100072721,85487M01
o100072721,85490M01
o10007409,DA6881
o100074305,A102
o100074305,A101
o100074305,88449
o100074305,88447
o100074305,88450
o100074305,A103
o100074305,88445
o100074305,88446
o100074305,88448
o100074305,A100
o100074322,P10611
o100074322,P60170
o100074322,P33788
o100074322,KT13431
o100074322,KT14676
o100074322,KT13968
o100074322,P10486
o100074845,1229886
o10007588,P10200
o10007639,87471
o10007639,63124
o10007639,87473
o10007639,87469
o100076501,27813
o100076501,P28286
o100076501,KT12577
o100076627,93295
o100076627,29035
o100076627,96443
o100077155,1429758
o100077506,14802
o100077608,DL2500 04
o10007792,KT12218
o10007792,FA5108
o10007792,P48732
o10007792,KT12217
o100079218,P46505
o100079218,P46500
o100079546,1145804
o100079546,1145994
o100080044,1423040
o100080044,1423041
o100080044,P46192
o100080044,KT14909
o100080044,1423042
o100081910,62757
o100081910,11242
o100081910,1235
o100081910,97823
o100081910,53979
o100083511,1437074
o100083511,SF13085
o100083511,1436580
o100083511,1437962
o10008413,51733
o10008413,5288
o10008413,96794
o10008413,8683
o10008413,8610
o10008413,8660
o10008413,97510
o10008413,55029
o10008413,8662
o10008413,8653
o10008413,5304
o10008413,5325
o10008413,96788
o10008413,5316
o10008413,84268
o10008413,28123
o10008413,5331
o10008413,8681
o10008413,8684
o10008413,97499
o10008413,8601
o100085237,99116
o100085725,98761
o100085725,29371
o100085725,53365
o100086084,A106
o100086084,700
o100086630,80265
o100086630,27343
o100086630,1211
o100086630,1210
o100086630,522
o100086630,40461
o100086630,40457
o100086630,64074
o100086630,FA95679
o100086630,FA65002
o100086630,FA95681
o100086630,FA95683
o100086630,FA514
o100086630,80250
o100086630,1208
o100086630,523
o100086630,511
o100086630,40426
o100086630,40416
o100086630,40414
o100086630,40412
o100086630,40459
o100086630,40463
o100086630,40432
o100086630,40443
o100086630,40480
o100086630,80264
o100086630,FA513
o100088205,28429
o100088293,98761
o100088293,98760
o100088909,P26118
o100088909,P60451
o100088909,KT13409
o100088909,P13770
o100088909,64074
o100088909,P18412
o100088909,KT13290
o100088909,KT13576
o100088909,P7973
o100088909,P53958
o100088909,P24082
o100088909,KT13984
o100088909,P85253
o100088909,P57515M01
o100088909,P63620
o100088909,P61817
o100088909,P60435
o100088909,P49040M01
o100088909,P49050M01
o100088909,P57197
o100088909,P51828
o100088909,KT11580
o100088909,P22266
o100088909,KT11903
o100088909,P61546
o100088909,P23271
o100088909,P58130
o100088909,P27606
o100088909,P31515
o100088918,KT12673
o100089348,P10630
o100089348,P43782
o100089348,P48732
o100089377,KT13984
o100089377,P24082
o100089377,KT13998
o100089377,P15629
o100089377,P45576
o100089377,P27685
o100089377,P55159
o100089377,KT13463
o100089377,P85218
o100089377,KT12672
o100089377,P15546
o100089377,KT13451
o100089377,P85244
o100089377,KT13546
o100089377,P24242
o100089377,P20153
o100089377,P42795
o100089377,KT13763
o100089377,P22266
o100089377,P60490
o100089377,P59729
o100089377,P34832
o100089377,64074
o100089377,P62445
o100089377,P20681
o100089377,P53958
o100089377,P24252
o100089377,P15600
o100089377,P15599
o100089581,5811M01
o100089891,16188
o100089934,14525
o100089934,86278
o100089934,56790
o100089934,86253
o100089934,84788
o100089934,84731M06
o100089934,50633
o100089934,84741M03
o100089934,8639
o100089934,50632
o100089934,8641
o100089934,8679
o100089934,8656
o100089934,8676
o100089934,8667
o100089934,8671
o100089934,97499
o100089934,86490
o10009008,7062
o10009008,1208
o10009008,FA68409
o10009008,53988
o10009008,12358
o10009008,91328
o10009008,7063
o10009022,KT13763
o10009022,P52553
o10009022,P85337
o10009022,P24242
o10009022,P49831
o10009022,29751
o10009022,P18348
o10009022,P27685
o10009022,KT13984
o10009022,P24252
o10009022,P85262
o10009022,P53958
o10009022,P23263
o10009022,KT13602
o10009022,P15600
o10009022,KT13762
o10009022,KT14285
o10009022,51681
o10009022,P67286
o10009022,59407
o10009022,51228
o10009022,KT13688
o10009022,P85053
o100091390,19903
o100091847,1418069
o100091847,64074
o100091847,DA7710
o100091847,DL1800T06
o100091847,DL3870T06
o100092086,84722
o100092086,64074
o100092086,10877
o100092086,10876
o100092086,10885
o100092086,10887
o100092086,89105
o100092086,52674
o100092086,DA6020
o100092086,94728
o100092086,94727
o100092086,17026
o100092086,40024
o100092086,90118
o100092086,98679
o100092086,P29041
o100092086,P29226
o100092086,82666
o100092086,10873
o100093765,A19
o100093765,A18
o10009498,85886
o10009498,56207
o10009498,28073
o100095839,88581
o100095839,88240
o100095839,9142
o100096444,53389
o100096444,17418
o100096444,17419
o100096444,59468
o10009685,DD1007
o10009685,1143216
o100097554,1425090
o100097554,1425095
o100097593,P67286
o100097593,P43782
o100097887,1419798
o100099023,80512
o100099539,P7973
o100099539,KT15079
o100099647,SF12880
o10009970,P86125
o100099794,42335
o100099794,64074
o100099794,P44135
o100099794,KT14721
o100099794,KT14605
o100099794,28261
o100099794,KT11097
o100099794,KT11098
o100099871,P69300
o100099871,KT11029
o100099871,KT12249
o100099871,P69280
o100099871,KT14281
o100099871,80263
o100099871,1423033
o100099871,1423034
o100099871,P60477
o100099871,SF10013
o100099871,SF10357
o100099871,DD1299
o100099871,KT12728
o100099871,P69276
o100099871,P69286
o100101103,14738
o100101406,KT13523
o100101648,FA532A
o100101648,FA88441
o100101648,FA5606
o100101648,FA68098
o100101648,FA68064
o100101648,FA531A
o100101648,FA68404
o100101648,FA68407
o100101648,FA68406
o100101648,FA88449
o100101648,FA88451
o100101648,FA88447
o100102472,CW1948
o100102472,CW1952
o100102526,DL1560T06
o100102990,FA5702
o100102990,64074
o100102990,DA6020
o100104170,P29905
o100104170,95494
o100105399,P91018
o100105399,95101
o100105399,1328127
o100105399,P20005
o100105399,SF13038
o100106047,85489M01
o100106047,94729
o100106047,25263
o100106047,94727
o100106047,99868
o100106047,51881
o100106047,99872
o100106047,64074
o100106047,99995
o100106047,91335
o100106047,91350
o100106047,91328
o100106047,89255M01
o100106047,96898
o100106047,96895
o100106047,91316
o100106047,87743
o100106047,60515
o100106047,85487M01
o100106047,11186 01
o100106047,87023
o100106047,97685
o100106047,83780
o100107006,82520
o100107006,82524
o100107697,84724
o100107697,84728
o100107697,2557
o100107697,10121
o100107697,90099
o100107697,1143646
o100107697,81595
o100107697,84723
o100107746,KT11435
o100107746,86042
o100107746,87671
o100107746,84262
o100107746,96886
o100108890,KT15069
o100108890,KT15070
o100108890,P44687
o100109071,KT13514
o100109071,KT13515
o100109071,KT13516
o100109180,FA95677
o100109180,FA95678
o100109225,64224
o100109225,85709
o100110376,P24252
o100110376,P53958
o100110376,P61518
o100110376,P15599
o100110376,P22266
o100110376,P38083
o100110376,KT13715
o100110376,P80658
o100110376,P18339
o100110376,P62445
o100110376,P27685
o100110376,KT13502
o100110376,P24242
o100110376,P26118
o100110376,P49040M01
o100110376,P42795
o100110376,P27606
o100110376,KT11580
o100110376,P35201
o100110376,KT11573
o100110376,P41705
o100110376,KT11397
o100110376,KT13321
o100110410,96630
o100110410,88449
o100110410,81274
o100110410,81876
o100110410,52907
o100110410,50370
o100110410,91395
o100110410,91050
o100110410,A532
o100110410,91046
o100110410,81874
o100110410,91393
o100110410,91043
o100110410,91045
o100110410,91047
o100110410,81878
o100110410,91396
o100110410,91060
o100110410,91061
o100110410,91049
o100110410,64394
o100110410,96632
o100110601,P10552
o100110601,KT12218
o100110601,KT12217
o100110601,KT14087
o100110638,P23526
o100110638,P18348
o100110638,P22266
o100110638,KT11903
o100110638,P85372
o100110638,KT14389
o100110638,P60451
o100110638,P62445
o100110638,KT11313
o100110638,P46222
o100110638,P80716
o100110638,P58130
o100110638,P51825
o100110638,P85231
o100110638,P15599
o100110638,P24082
o100110638,KT11397
o100110638,KT11704
o100110638,P23263
o100110638,P15633
o100110638,P15629
o100110638,P45576
o100110638,P91116
o100110638,P59078
o100110638,KT13763
o100110638,P59798
o100110638,P42678
o100110638,KT11310
o100110638,KT11703
o100110811,85823
o100110811,97661
o100110811,97662
o100110811,97663
o100110896,A59
o100110896,P67286
o100110896,P48733
o100110935,P66013
o100110935,P61518
o100110935,P22266
o100110935,P28651
o100110935,P68282
o100110935,P62445
o100110935,P21462
o100110935,P23263
o100110935,P24082
o100110935,P53958
o100110935,KT11701
o100110935,KT11703
o100110935,KT11704
o100110935,KT11698
o100110935,P20467M01
o100110935,KT13754
o100110935,P51825
o100110935,P60490
o100110935,P69906
o100110935,P59729
o100110935,P59732
o100110935,P35201
o100110935,KT11511
o100110935,P34832
o100110935,P18348
o100110935,P27685
o100110935,P23526
o100110935,P30226
o100110935,KT13463
o100110935,P27616
o100110935,P85319
o100110935,P21239
o100110935,P23825
o100110935,P21197
o100110935,P65678M01
o100110935,P38617
o100110935,P80731
o100111205,KA9
o100111232,1419798
o100111232,P60170
o100111232,KT14602
o100111232,KT14604
o100111232,KT14247
o100111232,SF11306
o100111232,P43782
o100111232,P48733
o100111376,P85218
o100111376,P91116
o100111376,P15566
o100111376,P20660M01
o100111376,KT11375
o100111376,P85038
o100111376,KT13998
o100111376,KT12848
o100111376,P38083
o100111376,P24252
o100111376,P23263
o100111376,P15600
o100111376,P28140
o100111376,P62445
o100111376,P30221
o100111376,P20873
o100111376,P85356
o100111376,P55159
o100111376,P80652
o100111376,KT14051
o100111376,P47067
o100111376,P28286
o100111376,KT13973
o100111376,P85316
o100111376,KT11701
o100111376,KT11703
o100111376,KT11704
o100111376,P53958
o100111376,P38749
o100111483,97510
o100111483,97502
o100111483,FA65017
o100111580,85234
o100111580,84932
o100111580,84931
o100111580,40048
o100111580,1210
o100111580,25262
o100111580,301
o100111580,FA501
o100111580,2539
o100111702,2537
o100111702,2538
o100111950,P66017
o100111950,KT13246
o100111950,KT11903
o100111950,P65619
o100111950,P42795
o100111950,KT11175
o100111950,P21213
o100111950,KT12808
o100111950,P26118
o100111950,P21197
o100111950,P38681
o100111950,P60645
o100111950,P34832
o100111950,P69906
o100111950,P47330
o100111950,2539
o100111950,P58130
o100111950,P59120
o100111950,P13770
o100111950,KT11611
o100111950,P27606
o100111950,P42520
o100111950,P85244
o100111950,P24225
o100111950,P85334
o100111950,P60477
o100111950,P22266
o100112999,P20005
o100113616,P24242
o100113616,P65619
o100113616,P26088
o100113616,P24224
o100113616,P80716
o100113616,P46227
o100113616,KT13984
o100113616,P53958
o100113616,P15599
o100113616,P23263
o100113616,KT13321
o100113616,P62445
o100113616,P61536
o100113616,P22266
o100113616,KT13248
o100113616,P64205M01
o100113616,P60477
o100113616,P28286
o100113616,P85356
o100113616,P18412
o100113616,P27606
o100113616,P27685
o100113616,P18348
o100113616,KT11655
o100113616,P35201
o100113616,P68087
o100113616,P61817
o100113616,P86101
o100114029,97398
o100114029,98760
o100114029,97400
o100114029,61416
o100114029,64074
o100114029,98762
o100114029,94613
o100114029,89547
o100114029,53395
o100114036,605
o100114036,P52598
o100114036,97358
o100114036,97361
o100114036,97362
o100114036,97363
o100114036,88446
o100114036,P48235
o100114036,P47455
o100114036,89467
o100114036,9027
o100114036,618
o100114036,617
o100114036,95705
o100114036,95700
o100114036,95702
o100114036,82349
o100114036,90078
o100114036,84845
o100114036,87671
o100114036,25272
o100114036,96650
o100114036,52647
o100114036,52648
o100114036,52649
o100114036,94613
o100114036,FA5707
o100114036,2537
o100114045,50292
o100114119,SF10844
o100114119,AG953
o100119827,12297
o100119827,18277
o100119827,SF10642
o100119827,P91016
o100119827,89208
o100119827,88439
o100119827,86714
o100119827,16608
o100119827,50584
o100119827,52004
o100119827,57513
o100119827,58836
o100119827,672
o100119827,80927
o100119827,86727
o100119827,87504
o100119827,87751
o100119827,92050
o100119827,89458
o100119827,94610
o100119827,95392
o100119827,97684
o100119827,A531
o100119827,11186 29
o100119827,10062
o100119827,80931
o100119827,81114
o100119827,82674
o100119833,1328097
o100119833,KT14226
o100119833,KT15082
o100119833,KT15088
o100119833,1328127
o100119920,DA6881
o100120682,670
o100120682,672
o100120682,10704
o100120682,10706
o100120710,P90385
o100121078,29044
o100121078,P35151
o100121078,1285472
o100121122,KT14928
o100121122,KT14205
o100121122,KT11075
o100121122,DA6311
o100121122,P51153
o100121122,84782
o100121122,KT12586
o100121122,KT12583
o100121122,93228
o100121122,99060
o100121122,P40548
o100121122,KT11953
o100121122,95393
o100121858,KL119
o100121858,P51722
o100121858,29282
o100121858,29283
o100121858,KT13293
o100121858,P51962
o100123205,1344479
o100123961,1418068
o100123961,1418069
o100123961,SF10749
o100123961,1418070
o100123961,KT14790
o100123961,1418067
o100123961,KT11026
o100123961,SF10752
o100123961,SF10751
o100123961,SF10750
o100123961,11941
o100123961,KT14788
o100124053,96646
o100124053,9084
o100124053,SF10357
o100124053,SF10094
o100124053,DA6851
o100124053,97499
o100124053,97505
o100124053,97501
o100124248,1344497
o100124248,1344479
o100125661,51196
o100125661,51197
o100125794,82887M01
o100125794,51871
o100125794,A534
o100126430,96902
o100126430,99256
o100126430,96899
o100126474,17061
o100126960,SF13086
o100128809,P60170
o100130170,93352
o100131610,DA6152
o100132771,88441
o100132771,700
o100132771,696
o100132771,SF13084
o100133218,1901
o100133218,A44
o100133218,320
o100133218,321
o100133218,321A
o100133218,322
o100134064,A72
o100134788,94613
o100134788,84255
o100134788,5296
o100134788,88721
o100134788,97358
o100134788,81599
o100134788,88718
o100134788,97359
o100134788,1143603
o100134788,81591
o100134788,5281
o100134984,58915
o100134984,5316
o100134984,60513
o100134984,91823
o100134984,87512
o100134984,91820
o100134984,4266
o100134984,5303
o100134984,83526
o100134984,94728
o100134984,53286
o100134984,64348
o100134984,53979
o100134984,86506
o100134984,86505
o100134984,94727
o100135115,95704
o100135115,54455
o100135115,54454
o100135115,1145786
o100135115,54456
o100135115,95705
o100139359,KT12680
o100139359,KT13763
o100139359,KT13762
o100139359,63796
o100141288,95101
o100141288,DL1560T12
o100142476,FA88451
o100142476,FA21122A
o100142476,FA68404
o100142476,FA68406
o100142476,FA68403
o100142476,FA531A
o100142476,FA534A
o100142476,FA68126
o100142476,64074
o10014434,P20165
o100145326,FA5474
o100151861,94728
o100151861,25452
o100151861,86060
o100151861,81114
o100151861,87670
o100151861,25263
o100151861,82924
o100151861,86048
o100151861,86392
o100151861,SF12582M01
o100151861,64074
o100151861,95702
o100151861,95221
o100151861,95220
o100151861,16542
o100151861,1968
o100151861,82336
o100151861,92035
o100151861,5554K
o100151861,5553K
o100151861,5554R
o100151861,5553R
o100151861,99135
o100151861,13174
o100151861,41659
o100151861,93844
o100151861,1009
o100151861,94609
o100151861,94610
o100151861,94611
o100151861,95230
o100151861,88732
o100151861,95229
o100151861,28678
o100151861,28680
o100151861,55605
o100151861,52644
o100151861,62090
o100151861,83026
o100151861,83027
o100151861,83028
o100151875,95101
o10015247,97396
o10015247,LP579
o10015247,98789
o10015247,83780
o10015247,54478
o10015247,88357
o10015247,98798
o10015247,90232
o10015247,83102
o10015247,54480
o10015247,98761
o100152714,98982
o100152714,89113
o100152714,98986
o100152714,57131
o100152714,54919
o100152714,59420
o100152714,97652
o100152714,51878
o100152714,13175
o100152714,62090
o100152714,86735
o100152714,59407
o100152714,59409
o100152714,80260
o100152714,80265
o100154596,86255
o100154596,84830
o100154596,25258
o100154596,25474
o100154596,84932
o100154596,55158
o100154596,7062
o100154596,91173
o100154596,87142
o100154596,95697
o100154596,3004
o100154596,98620
o100154596,64853
o10015714,P20005
o100158231,LP459
o100158231,LP385
o100158231,LP282
o100158231,LP649
o100158231,LP677
o100158231,LP240
o100158231,LP612
o100158231,29035
o100158231,98996
o100158231,57614
o100158231,LP206
o100158231,29042
o100158231,LP290
o100169147,1683
o100169147,10531
o10017092,14471
o10017151,28261
o10017169,53988
o100171893,KT14994
o100171893,P60170
o100171893,KT12400
o100171893,KT12217
o100171893,KT12218
o100175847,1436886
o100175847,P60170
o10018220,87752
o10018220,99278
o10018220,95349
o10018220,17017
o10018220,17011
o10018220,99279
o10018220,87744
o10018220,15512
o10018220,86728
o10018220,17015
o10018220,86057
o10018220,82943
o10018220,25262
o10018220,86042
o10018220,2539
o10018220,86727
o10018220,2537
o10018220,85241
o10018220,2536
o10018469,SF10747
o10018469,97323
o10018469,SF10746
o10018469,97322
o10018636,P10611
o10018636,19614
o10019209,25001
o10019209,53717
o10019209,96924
o10019209,91652
o10019209,96925
o10019209,92812
o10019209,P38776
o10019209,P34783
o10019209,P38787
o10019209,P34812
o10019209,88445
o10019209,25004
o10019209,87747
o10019209,96941
o10019209,FA5108
o10019209,53719
o10024204,P85245
o10024204,KT13972
o10024305,CW1815
o10024305,20550
o100249619,99439
o10025510,FA88442
o10025510,FA68100
o10025510,FA88441
o10025510,FA68098
o100255815,LP562
o10025841,93209
o10025841,P59549
o10026489,SF11403
o10026489,SF11400
o100266447,1329408
o100268203,3627
o10026973,94611
o100270490,52025
o100270490,86228
o100270490,86258
o10027151,89677
o100271799,84725
o10027226,P46515
o100272349,1412524
o100274248,KT13687
o100274248,KT13763
o100274248,P18348
o100274248,KT14005
o100274248,P27606
o100274248,P62505
o100274248,P24177
o100274248,P18412
o100274248,P49747
o100274248,P86117
o100274248,P24082
o100274248,P23263
o100274248,P15600
o100274248,KT11397
o100274248,P85406
o100274248,P91112
o100274248,KT13688
o100274248,P27685
o10027676,KT14925
o10027676,DL4450T12
o10027676,DL1560T06
o10027676,KT14927
o10027965,KT14311
o10027965,58983
o10027965,63432
o10027965,63448
o10027965,95142
o100282160,SF14743
o100282181,86587
o10029930,FA65127
o100301528,KT15098
o100301528,1359545
o100301528,1145804
o100301528,1145994
o100301528,KT14605
o100301528,1325938
o100309141,3005
o100309141,84790
o100309141,3004
o100309141,85498
o100309141,A102
o100309141,663
o100309141,634
o100309141,94610
o100309141,94611
o100309141,92809
o100309141,97293
o100309141,83027
o100309141,95703
o100309141,3129
o100309141,3158
o100309141,89463
o100309141,92823
o100309141,97360
o100309141,83028
o100309141,92807
o100309141,3019
o100309141,92808
o100313427,10121
o10031372,P50946
o10031372,P50949
o10031372,22853
o10031372,P90334
o10031372,P38773
o10031372,91105
o10031372,94612
o10031372,56637
o10031372,96413
o10031917,95779
o10031917,95780
o10031917,95778
o10031917,11964
o10031917,DD1013
o10031917,91656
o10031917,95097
o10031917,87671
o10031917,87670
o10032150,91662
o10032248,61644
o10032465,53364
o10032680,KT13788
o10032680,KT11027
o10032680,KT11028
o10032792,80947
o10032792,P64742
o10033631,1329778
o10033704,64698
o10033833,FA5733
o10033833,25192
o10033833,63419
o10033833,FA5732
o10033833,FA5729
o10034349,541
o100360355,84836
o100360355,SF10883
o100360355,98761
o100360355,92821
o100360355,3006
o100360355,SF11302
o100360355,53462
o100360355,53455
o100360355,84845
o100360355,92018
o100360355,5564R
o100360355,64389
o100360355,62077
o100360355,81287
o100360355,62076
o100360355,88735
o100360355,96129
o100360355,41055
o10036930,9007 01
o10036930,41287
o10036930,41284
o10036930,41286
o10036930,41288
o10036930,41285
o10036930,88597
o10037481,27226
o10037481,FA5613
o10037481,96647
o100375346,55351
o10040261,619
o10040261,725
o10040261,A107
o10040261,636
o10040261,88447
o10040261,88445
o10040261,88446
o10040261,670
o100403021,52049
o100403021,SF12581M01
o100403021,SF13085
o100403021,64074
o100403568,DR8870
o100403611,P92116
o10040643,1143613
o10040643,19920
o100407874,62824
o100407874,62821
o100407874,62822
o100407874,62830
o100407874,62819
o100407874,62825
o10041476,53365
o10041476,53364
o10041476,95097
o10041476,91652
o10041476,53379
o10041476,98761
o100416534,P61825
o10041990,87512
o10041990,53980
o10041990,511
o10042529,FA4024
o10042529,60772M12
o10042529,29588
o10042529,FA68063
o10042529,90564
o10042529,97877
o10042529,94606
o10042529,FA4008M12
o10042529,FA4011M12
o10042529,FA4015M06
o10042529,FA4019M06
o10042529,FA4027
o10042529,FA4001M12
o100430564,16300
o100430564,97179
o100430564,6216
o100430564,98201
o100430564,55714
o100430564,86786
o100430564,86762
o100430564,10615
o100430564,3602
o100430564,90832
o100430564,322
o100430564,A100
o100430564,95656
o100430564,53980
o100430564,A102
o100430564,5574
o100430564,62744
o100430564,90174
o100430564,90158
o100430564,2539D
o100430564,90918
o100430564,96638
o100430564,29184
o100430564,64074
o100430564,86753
o100430745,64074
o100430745,97044
o100430745,29989
o100430745,FA5108
o10043264,84226
o100438202,80931
o100438202,666
o100440824,P51392
o10044155,FA65246
o10044155,84878
o10044155,4282
o10044155,53980
o10044197,82913
o10044197,89255
o10044197,85489
o10044197,85487
o10044197,85488
o10044197,81114
o10044197,5574
o10044197,87671
o10044197,82914
o10044197,93474
o10044197,5940
o10044197,25277
o10044197,25279
o10044197,87752
o10044197,5623
o10044197,87751
o10044197,92784
o10044197,87672
o10044197,90873
o10044197,25275
o10044197,86051
o10044197,94729
o10044197,94728
o10044197,86061
o10044197,86057
o100442463,LP480
o100442463,82556
o10044454,86890
o10044454,86891
o10044454,86862
o10044473,56820
o100457626,P80658
o100457626,P68167
o100457626,KT11511
o100457626,P22266
o100457626,P15599
o100457626,P23263
o100457626,KT13984
o100457626,P53958
o100457626,P15600
o100457626,P43782
o100457688,SF10681
o100457688,P90150
o100457688,SF10031
o100457688,SF10058
o100457688,SF10029
o100457688,SF10026
o100457688,KT12319
o100457688,KT11708
o100457688,KT12807
o100457688,P50077
o100457688,1365427
o100457907,P69906
o100457907,64740
o100457907,P62445
o100457907,P85346
o100457907,P53958
o100457907,P24082
o100457907,SF10029
o100457907,SF10011
o100457907,KT14605
o100457967,KT11949
o100457967,1423033
o100457967,SF10058
o100457967,SF10039
o100457967,81267
o100457967,KT14005
o100457967,P60477
o100457967,P40548
o100457967,P63872M01
o100457967,P63942M01
o100457967,P69305
o100457967,P69280
o100457967,KT14126
o100457967,SF11602
o100457967,P64112M01
o100457967,1423034
o100457967,89113
o100458122,P60451
o100458122,KT13554
o100458122,P20005
o100458122,9063
o100458122,94600
o100458122,P34103
o100458122,KT11949
o100458122,1418052
o100458122,1418051
o100458122,1418058
o100458122,1418056
o100458122,P60419
o100458122,P60435
o100458122,KT12583
o100491654,CW1672
o100491654,CW1674
o100491654,CW1673
o100493322,84861
o100493322,99873
o100495674,1153691
o100495674,18146
o100495674,P11406
o100495674,P11404
o100495674,61308
o100496334,81871
o100496443,1429758
o100496756,89678
o100496952,1285472
o100497592,94612
o100497592,28092
o100497592,28071
o100497592,LP715
o100497592,28072
o100497592,1164
o100497592,85229
o100497592,85230
o100497592,85222
o100497592,59447
o100497592,1162
o100497592,1144
o100497592,1142
o100497592,28073
o100498044,1435631
o100498997,DA6881
o100499873,KT11880
o10050063,84212
o10050181,10703
o10050181,26796
o10050181,SF14502
o100501844,FA21269A
o100502483,DA6152
o100503568,28263
o100503568,28261
o100507004,64074
o100507004,KT13480
o100507004,P50087
o100507004,KT13479
o100507004,KT13130
o100507004,P50077
o100507004,1423034
o100507004,P50015
o100507004,P10690
o10050763,FA5096
o100508411,81591
o100508411,28683
o10050848,DL4650 05
o10050848,DL1810 05
o100508580,61657
o100508580,P60477
o100508580,P62445
o100508580,4279
o100508580,55608
o100508580,55604
o100508580,KT13140
o100508580,KT13611
o100508580,P50155
o100508580,CW4893
o100508580,CW4892
o100508580,CW4891
o100508580,1328141
o100508580,61655
o100508580,61656
o100508580,KT13409
o100508580,P46916
o100508580,6637
o100508580,89158
o100508580,P85169
o100508580,64074
o100508824,DL2521
o100508872,SF10747
o100508919,1361901
o100508919,1361894
o100508919,KT15089
o100509277,P24225
o100509440,1372023
o100509440,P85437
o100509937,91976
o100509937,63212
o100509937,61079
o100509937,9823
o100509937,KT14126
o100511357,28699
o100511357,FA68098
o100511357,5286
o100511357,85715
o100511357,1239897
o100511357,5298
o100511357,SF10012
o100511357,5302
o100511357,29453
o100511357,SF10926
o100511357,58147
o100511357,SF12523
o100511357,SF12522
o100511357,84743
o100511357,1228652
o100511357,A100
o100511357,SF10357
o100511357,64074
o100511357,97397
o10051200,DL3540
o100512502,94612
o100512733,18368
o100512842,51881
o100512842,51882
o100512842,51883
o100512842,51884
o100512842,87751
o100512842,11915
o100512842,11914
o100512842,11916
o100512842,5303
o100512842,1630
o100512842,28071
o100512842,28072
o100512842,64074
o100512842,11186 08
o100512842,11186 03
o100512842,17004
o100512842,87668
o100512842,94728
o100512842,25276
o100512842,96130
o100512842,94727
o100513240,A722
o100515149,84726
o100515149,11916
o100515149,98761
o100515149,98764
o100515149,42335
o100515149,FA5737
o100515149,84749
o100515149,84746
o100515149,DN4740
o100515149,93855
o100515149,DA7490
o100515149,P92626
o100515149,6887
o100515149,88448
o100515149,17416
o100515149,17419
o100515149,84725
o100515203,95705
o100515203,85238
o100515203,658B
o100515203,A107
o100515203,93292
o100515203,658C
o100515203,719
o100515203,41979
o10051561,98760
o10051561,53379
o10051561,97288
o10051561,57982
o10051561,84739
o10051561,19614
o10051561,54474
o10051561,92016
o100515835,DA6611
o100515835,DA6891
o100516316,84216
o100516733,KT14727
o100516733,KT13140
o100516733,KT13427
o100516733,KT13976
o100516733,P10615
o100516733,P59729
o100516733,P27606
o100516733,P85393
o100516733,KT13630
o100517176,1447375
o100517176,1447378
o100517176,64074
o100517176,KT15080
o100517464,61135
o100517464,84737M06
o100517464,80449
o100517464,80453
o100517464,61127
o100517464,93483
o100517464,84726M06
o10051780,DL1620T12
o10051780,57545
o100518154,KT14126
o100518154,KT14926
o100518154,KT14043
o100518154,CW5037
o100518309,89451
o100518309,10895
o100518309,93233
o100518309,10897
o100518309,10879
o100518309,89449
o100518953,KT11947
o100519076,26773
o100519083,P69286
o100519083,P69280
o100519083,1419798
o100519083,93228
o100519083,1143658
o100519083,2660
o100519083,KT11075
o100519083,P24252
o100519083,81283
o100519083,KT14910
o100519083,90591
o100519083,P69276
o100519083,P69290
o100519083,P69305
o100519083,P69300
o100519083,KT13976
o100519083,90589
o100519083,P67692
o100519083,1143651
o100519083,85677A
o100519083,KT14909
o100519083,P60170
o100519083,KT11097
o100519083,19925
o100519083,P85075M01
o100519083,KT12250
o100519083,KT12249
o100519083,KT14069
o100519675,27232
o100519675,FA68033
o100520488,KT13423
o100520488,KT13428
o100520488,P10615
o100520508,61459
o100520508,1299115
o100520508,1154377
o100520616,P90334
o10052118,82148
o10052118,62747
o10052118,62754
o10052118,80214
o10052118,82153
o10052118,80279
o10052118,87512
o10052118,62745
o10052118,A104
o10052118,A635
o10052118,11422
o10052118,1085
o10052118,83629
o10052118,28097
o10052118,10060
o10052118,4282
o10052118,80510
o10052118,80514
o10052118,94607
o10052118,90798
o10052118,16521
o10052118,19614
o10052118,90797
o10052118,92823
o100521186,97563
o100521186,97565
o100521369,10217
o100521369,91113
o100521369,91112
o100521369,53983
o100521369,FA68402
o100521369,53980
o100521369,FA88437
o100521369,10228
o100521369,10214
o100521369,10213
o100521369,91076
o100521369,91061
o100521369,91115
o100521369,53979
o100521369,FA88435
o100521369,540
o100521369,80945
o100521369,53286
o100521369,53287
o100521395,96896
o100521395,99252
o100521395,99253
o100521395,96902
o100521395,96904
o100521395,99256
o100521395,96895
o100521395,96899
o100521452,27191
o100521452,28972
o100521452,86779
o100521452,98263
o100521452,28965
o100521452,84269
o100521452,84268
o100521452,84267
o100521452,84266
o100521452,27206
o100521452,27203
o100521452,84286
o100521452,96881
o100521452,5318
o100521452,5277
o100521452,5313
o100521452,16529
o100521452,50584
o100521452,5201
o100521452,5200
o100521452,12346
o100521452,91789
o100521452,27177
o100521452,27192
o100521452,5075
o100521452,86584
o100521452,SF12563
o100521452,P29930
o100521452,84271
o100521452,1984
o100521452,84733
o100521452,84737
o100521452,84749
o100521452,4255
o100521452,4268
o100521452,4283
o100521452,4284
o100521452,4288
o100521452,4295
o100521452,62725
o100521452,83490A
o100521452,62761
o100521452,62767
o100521452,88435
o100521452,88436
o100521452,88437
o100521452,A102
o100521452,600
o100521452,638
o100521452,53990
o100521452,53993
o100521452,53995
o100521452,80943
o100521452,915
o100521452,88439
o100521452,88441
o100521452,88442
o100521452,669
o100521452,674
o100521452,696
o100521452,698
o100521452,721
o100521452,91787
o100522400,86738
o100522720,88838
o100522807,5286
o100522807,5287
o100522807,5283
o100522807,92227
o100522807,86200
o100522807,86202
o100522807,63341
o100523534,1424854
o100523534,1424855
o10052358,SF10857
o10052358,SF10913
o10052358,SF10914
o10052358,20819
o10052358,FA5096
o100524489,KT13423
o100524489,52675
o100524757,54084
o100524885,KT15089
o100524885,1361904
o100525132,50117
o10052624,5409
o10052624,86752
o10052624,62221
o10052624,86786
o100526253,P60285
o100526253,SF11439
o100526253,DH3030
o100526253,SF11442
o100526253,KT11260
o100526253,FA4071
o100526253,P37842
o100526253,62395
o100526694,96429
o100527511,50241
o100527557,DL2171 04
o100528093,P27685
o100528214,SF11051
o100528504,FA502
o100528504,FA504
o100528504,81763
o100528504,86782
o100528504,5316
o100528504,5291
o100528504,5311
o100528504,96817
o100528504,5273
o100528504,5302
o100528504,90142
o100528504,90145
o100528504,84729
o100528504,84734
o10052946,5362
o10052946,82058
o10052946,82057
o100530491,LP142
o100531396,80929
o100531396,80928
o100531396,55294
o100531396,84268
o100531396,88435
o100531396,80927
o100531396,88437
o100531396,88436
o100531396,88726
o100531396,88720
o100531975,P65729
o100532246,6205
o100532246,57499
o100532246,6203
o100532246,6202
o100532246,6225
o100532246,87639
o100532726,P61253
o100532726,P61233
o100532726,P44411
o100532726,P61406
o100532974,52543
o100532974,88359
o100532974,88357
o100533057,P20005
o100533376,10925
o100533699,SF13087
o100533900,63884
o100533900,1297733
o100534386,82938
o100534693,16189
o100534823,62746
o100534823,85489M01
o100534823,85488M01
o100534823,85490M01
o100534823,95349
o100534823,6207
o100534823,96438
o100534823,96448
o100534823,93296
o100534823,93299
o100534823,93300
o100534823,97358
o100534823,97359
o100534823,84737M06
o100534823,84741M06
o100534823,84742M06
o100534823,81037
o100534823,9747
o100534823,55337
o100534823,83924
o100534823,61144
o100534823,61147
o100534823,17006
o100534823,670
o100534823,699
o100534823,95923
o100534823,95927
o100534823,95924
o100534823,95929
o100534823,95930
o100534823,96440
o100534823,96441
o100534823,96447
o100534823,10060
o100534823,86957
o100534823,86152
o100534823,52538
o100534823,52537
o100534823,63136
o100534823,83649
o100534823,88446
o100534823,646
o100534823,55341
o100534823,11934
o100534823,27172
o100534823,57446
o100534823,11936
o100534823,95919
o100534823,95921
o100534823,662
o100534823,88451
o100534823,98632
o100534823,A107
o100534823,714
o100534823,A108
o100534823,82149
o100535478,80931
o100535478,FA530M01
o100535478,FA65042
o100535478,80932
o100535478,674
o100535478,FA65075
o100535478,6210
o100535478,88438
o100535478,80930
o100535478,647
o100535581,DA6881
o100536926,SF10917
o100537349,P46515
o100537424,FA68400
o100537424,82329
o100537424,P45576
o100537424,P80688
o100537424,P53958
o100537424,P24082
o100537424,P18339
o100537424,P27685
o100537424,P30876
o100537424,P58530
o100537424,KT11459
o100537424,P53303
o100537424,P20681
o100538319,84844
o100538319,87751
o100538319,86504
o100538319,P52595
o100538319,P52664
o100538319,84840
o10053865,P34103
o10053865,KT14925
o10053865,KT14703
o10053865,KT14676
o10053865,19913
o10053865,KT15106
o10053908,52566
o100540068,82537
o100540068,SF10099
o100540068,90589
o100540068,P66306
o100540068,P29910
o100540068,P46916
o100540068,P69315
o100540068,P48235
o100540068,P44416
o100540068,P44736
o100540068,P69286
o100540068,P69276
o100540068,KT11029
o100540068,P48245
o100540068,P85170
o100540068,P69280
o100540068,KT11030
o100540068,SF10011
o100540068,P20681
o100540068,P62445
o100540068,P85091
o100540068,KT11949
o100540068,57419
o100540068,P34103
o100540068,KT14362
o100540068,KT14754
o100540217,P46480
o100540217,14961
o100540217,P18412
o100540888,FA68102
o100541078,99063
o100541078,A697
o100541078,59739
o100541078,53895
o100541078,51703
o100541078,51702
o100541078,A696
o100541078,A695
o100541078,3594 01
o100541078,3595 01
o100541078,3596 01
o100541078,3509
o100541078,88364
o100541078,A694
o100541818,28275
o100541818,1143634
o100541818,1143319
o100541818,1143334
o100541818,28276
o100541818,28327
o100541891,99424
o100541891,52138
o100541891,58668
o100541891,58660
o100541891,58676
o100541891,58677
o100541891,56714
o100541891,56682
o100541891,55223
o100541891,55218
o100541891,27513
o100541891,91393
o100541891,91121
o100541891,91397
o100541891,91108
o100541891,91109
o100541891,91111
o100541891,91080
o100541891,87747
o100541891,89563
o100541891,P36857
o100541891,98402
o100541928,KT14283
o100542097,84734M12
o100542097,60942
o100542097,60943
o100542097,61024
o100542097,61025
o100542097,56752
o100542097,56744
o100542097,56754
o100542097,16137
o100542097,84730M06
o100542097,84731M06
o100542097,84733M12
o10054234,KT14925
o10054234,KT14676
o10054234,KT15106
o10054234,KT15206
o10054234,KT15207
o10054234,KT15188
o10054234,KT15191
o100543054,SF10368
o100543543,DN4810S
o100543543,82518
o100543543,1412525
o100543543,64074
o100543543,DA6851
o100543543,SF10669
o100543543,SF10667
o100543543,DA7331
o100543639,91114
o100543639,63796
o100543639,FA68306
o100543639,LP649
o100543639,93308
o100543639,90195
o100544507,89641
o100544919,97673
o100546515,2539
o100546515,64008M12
o100546515,28296
o100546515,4951
o100546515,94608
o100546515,6227
o100546515,94613
o100546515,80689
o100546515,2536
o100546515,80389
o100546515,80309
o100546515,58841
o100546515,60825
o100546515,80333
o100546515,FA95680
o100546515,FA501
o100546515,58832
o100546515,58833
o100546805,DA7420
o100546805,DA6152
o100548901,P21197
o100548901,KT13264
o100548901,KT11708
o100548901,P86128
o100548901,P85036
o100548901,P42999M01
o100548901,P20153
o100548901,KT11365
o100548901,KT13747
o100548901,KT11175
o100548901,P13787
o100548901,KT13527
o100548901,P15599
o100548901,P18332
o100548901,P85053
o100548901,P15600
o100548901,KT13537
o100548901,P18348
o100548901,KT13602
o100548901,KT12987
o100548901,P21213
o100549125,53985
o100549125,18175
o100549125,A21135
o100549125,64074
o100550756,96588
o100550756,1404666
o100550756,26767
o100551182,P33705
o100551182,P10638
o100551853,KT12400
o100552061,KT12712
o100552061,P49191
o100552061,P23263
o100552061,P80716
o100552085,P10615
o100552165,P23263
o100552165,KT13750
o100552165,P21267
o100552165,P21213
o100552165,P68087
o100552165,KT11175
o100552165,P22266
o100552165,P85356
o100552165,P49747
o100552165,P38083
o100552165,P91116
o100552165,P23453
o100552165,KT11397
o100552165,P15599
o100552165,P62445
o100552165,KT13502
o100552165,P85262
o100552485,P10200
o100553891,A616
o100553891,A757
o100553891,A644A
o100553891,A639
o100554267,KT13637
o100572009,54064
o100572009,9063
o100572009,9092 01
o100572009,87487
o100572009,LP263
o100572009,54052
o100572009,80494
o100572009,4264
o100572009,57128
o100572009,59407
o100572009,54066
o100572009,54065
o100572009,4266
o100572009,63796
o100588867,97673
o100588867,20544
o100588867,P91010
o100606842,61842
o100606842,4266
o100606842,FA68142
o100606842,FA68406
o100606842,FA68402
o100606842,FA530A
o100606842,FA88448
o100606842,FA88447
o100606842,FA88438
o100606842,28092
o100606842,4293
o100606842,82148
o100606842,4284
o100606842,5363
o100606842,5305
o100606842,10232
o100606842,62770
o100606842,80216
o100606842,82153
o100606842,62760
o100606842,4294
o100606842,64074
o100606842,83527
o100606842,94618
o100606842,94610
o100606842,90793
o100606842,90804
o100606842,90792
o100606842,90791
o100606842,5364
o100607971,FA530A
o100607971,10231
o100607971,4284
o100607971,4288
o100607971,FA88447
o100607971,4292
o100607971,83528
o100607971,80213
o100607971,82153
o100607971,83527
o100608298,KT14093
o100608298,1232172
o100608298,SF10053
o100608298,FA68283
o100608298,P85218
o100608298,KT13602
o100608298,P21213
o100608298,P68087
o100608298,P39511
o100608298,P58130
o100608298,P13791
o100608298,P53834
o100608298,KT14285
o100608298,KT13998
o100608298,P23263
o100608298,P24252
o100608298,P53958
o100608298,P62445
o100608298,P22266
o100608298,52677
o100608298,P67286
o100608298,64696
o100609494,KT15104
o100612249,83102
o100612249,97661
o100614012,A104
o100614012,1417218
o100614012,88447
o100614012,88435
o100614012,1154863
o100614012,28057
o100614012,83103
o100614012,96977
o100614012,96976
o100614012,63796
o100614012,88446
o100614012,A101
o100614012,A100
o100614701,90878
o100615128,KT15087
o100615566,3428
o100615566,96071
o100615566,53655
o100615566,88734
o100615566,82945
o100615566,28072
o100615566,98196
o100615566,86761
o100615566,86763
o100615566,54442
o100615566,87627
o100615566,87622
o100615566,10936
o100615566,84328
o100615566,83948
o100615566,8681
o100615566,8653
o100615566,8689
o100615566,8691
o100615566,8726
o100615566,8666
o100615566,8629
o100615566,63134
o100615566,96639
o100615566,93007
o100615566,89687
o100615566,96544
o100615566,91112
o100615566,27412
o100615566,82621
o100615566,87508
o100615566,4254
o100615566,4255
o100615566,60382
o100615566,85494
o100615566,85985
o100615566,64074
o100615566,52646
o100616219,X88446
o100616219,X88445
o100616219,661
o100616219,634
o100616219,X88447
o100616219,696
o100616219,X88435
o100616219,X88440
o100616729,DA6881
o100616729,64074
o100616729,88435
o100616729,82080
o100616729,1074
o100616729,53505
o100616729,89465
o100616729,91795
o100616729,57510
o100616729,57505
o100616729,57504
o100617223,1285472
o100617223,1328127
o100617261,17050
o100617261,17051
o100618999,84728
o100618999,84727
o100618999,10886
o100618999,10880
o100618999,84725
o100618999,84723
o100618999,10877
o100618999,10878
o100618999,84726
o100618999,10897
o100619487,DA6881
o100619795,83919
o100620969,FA68033
o100620969,86064
o100620969,KT14848
o100620969,86052
o100620969,1151860
o100620969,544
o100622052,99470
o100622052,99468
o100622874,1427791
o100622874,1427792
o100623227,SF10623
o100623227,DL4750 55
o100623227,64074
o100623283,97673
o100623484,97086
o100623484,92067
o100624467,97673
o100624540,10739
o100624540,CB2908
o100624615,97499
o100624615,97501
o100624615,97503
o100624615,97505
o100625154,85702
o100625483,64461
o100625829,P23263
o100625829,P15599
o100625829,P85262
o100625829,P15629
o100625829,KT12984
o100625829,P85316
o100625829,KT13149
o100625829,P27685
o100625829,P65320
o100625829,KT13409
o100625829,P21213
o100625829,P21239
o100625829,P26118
o100625829,P22162
o100625829,P22266
o100625829,P51825
o100625829,P69906
o100625829,P59732
o100625829,KT11580
o100625829,P18412
o100625829,64074
o100625829,P38749
o100625829,P53958
o100625829,P24252
o100625829,P80658
o100625829,KT13984
o100626542,DR8222
o100626542,54474
o100626542,98763
o100626824,54474
o100626824,718
o100626824,715
o100626824,661
o100626824,83025
o100626824,91794
o100626824,27988
o100626824,95697
o100626824,88437
o100626824,64074
o100626824,53981
o100626824,94612
o100626824,53983
o100626824,84789
o100626824,84788
o100627341,28295
o100627341,92018
o100627341,3732
o100627341,7711
o100627341,86738
o100627341,93018
o100627341,11434
o100627341,64115
o100627341,28275
o100627341,FA68004
o100628970,64907
o100628970,52030
o100628970,50118
o100628970,1285486
o100630590,50292A
o100630610,90245
o100630610,670
o100630610,97702
o100630610,672
o100630610,88320
o100630610,64074
o100630610,52068
o100630610,11186 18
o100630610,11186 12
o100630610,11186 09
o100630610,14522
o100630610,53505
o100630610,FA65040
o100630610,FA65021
o100630610,80933
o100630610,11915
o100630610,312
o100630610,96371
o100630610,96372
o100630610,96358
o100630610,6200
o100630610,6205
o100630610,11914
o100630610,6225
o100630610,90244
o100631240,95878
o100631240,P30190
o100631240,1143658
o100631240,KT12581
o100631240,KT11949
o100631240,KT11950
o100631240,P85036
o100631240,P68267
o100631874,85955
o100631874,84216
o100632500,FA65017
o100632500,FA95678
o100632500,FA516
o100632500,FA528
o100632500,FA515
o100632500,FA95684
o100632500,FA512
o100632500,FA513
o100632500,64074
o100632500,FA65002
o100632500,FA65117
o100632500,FA65115
o100632500,SF11801
o100632500,FA95677
o100633297,FA68217
o100633297,81469
o100633297,3723 01
o100633297,3718
o100633297,321
o100633297,301
o100633507,82514
o100633507,64074
o100633507,A21478
o100633507,SF12529
o100633507,1144490
o100633839,99451
o100633839,1143326
o100633839,1143639
o100633839,1143609
o100633839,99452
o100633839,1143601
o100633839,1143653
o100633839,64074
o100634598,DL1500 05
o100634598,DA6291
o100635303,FA539A
o100635303,3641
o100635523,P15599
o100635523,P15600
o100635710,P60170
o100635710,P40519
o100636017,P10612
o100636062,88386
o100636614,1143640
o100636943,KT13431
o100637851,83457A
o100637851,88440
o100637851,53983
o100638083,DR8490 04
o100638135,53392
o100638135,98761
o100638135,53395
o100638135,53397
o100638391,1650
o100638391,1652
o100638441,P20005
o100639566,P35151
o100639566,99595
o100640244,A601
o100640244,A528
o100640244,88446
o100640244,88445
o100640244,A101
o100640317,P60170
o100642124,P33926
o100642124,P35097
o100642124,P58130
o100642124,KT11288
o100642124,P51392
o100642124,KT11708
o100642124,P15629
o100642124,P62445M01
o100642472,1427945
o100642574,94610
o100642574,29585
o100642574,29583
o100642574,63796
o100642574,61856
o100642574,96450
o100642574,90240
o100642574,94728
o100642574,P22166
o100642574,28434
o100642574,82673
o100642574,1154863
o100642574,P22266
o100642574,92822
o100642574,29853
o100642574,29852
o100642838,KT13427
o100642838,P10611
o100642919,KT13149
o100642919,KT13687
o100642919,KT13688
o100642919,KT13148
o100643473,85487
o100643473,93844
o100643473,93204
o100643473,85488
o100643473,85486
o100643473,85490
o100643474,19915
o100644487,P85036
o100644487,P24082
o100644487,KT11620
o100644487,P58130
o100644487,P23566
o100644487,KT11301
o100644487,KT13458
o100644498,CW4675
o100644521,KT14605
o100644521,KT13422
o100644521,KT14912
o100644521,KT13424
o100644521,P42795
o100644521,P58130
o100644521,P59729
o100644521,P23263
o100644810,P22266
o100644810,P61536
o100644810,P22162
o100644810,P63620
o100644810,P20153
o100644810,P48235
o100644810,P44543
o100644810,P44534
o100644810,P44567
o100644810,P44613
o100644810,P59732
o100644810,P27685
o100644810,P27616
o100644810,KT13603
o100644810,KT13148
o100644810,P85316
o100644810,P91116
o100644810,P85253
o100644810,KT13537
o100644810,P24082
o100644810,64074
o100644810,KT13321
o100644810,P23263
o100644810,P15599
o100644810,P53958
o100644810,P24177
o100644810,P15600
o100645511,87021
o100645511,41997
o100645511,25106
o100645869,P47061
o100647133,KT14994
o100647309,98800
o100647309,98795
o100647309,98801
o100647309,98796
o100647309,98802
o100647309,98792
o100647309,98789
o100647309,98794
o100647615,P40135
o100648258,93497
o100648258,97500
o100648258,5197
o100648258,3533
o100648258,97510
o100649364,97544
o100649364,97545
o10065044,58276
o10065044,SF10357
o100650482,57504
o100650482,81179
o100650482,83003
o100650482,87670
o100650482,94727
o100650482,94728
o100650482,94729
o100650482,6702
o100650482,FA88447
o100650482,87671
o100650482,87812
o100650482,91167
o100650482,91662
o100650482,91785
o100650482,94612
o100650482,94915
o100650482,95702
o100650482,95706
o100650482,99060
o100650482,FA88442
o100650482,51671
o100650482,11049
o100650482,5280
